Workbook

Sheet 00_Dataset
B3: Client ID | C3: Age | D3: Gender | E3: Total Spending (€) | F3: Last Purchase Date | G3: Email Opening | H3: Links Clicked | I3: Other Interactions | J3: Feedback & Reviews | K3: Upper | L3: Insole | M3: Sole | N3: Lining | O3: Laces | P3: Recency (days) | Q3: Recency Categories | R3: Engagement Index | S3: Engagement Level | T3: Total Components Purchased
B4: C0003 | C4: 38 | D4: F | E4: 1470.86 | F4: 2024-07-16 | G4: 37 | H4: 90 | I4: 31 | J4: Excellent value for money. | K4: 0 | L4: 1 | M4: 1 | N4: 1 | O4: 0 | P4: =TODAY()-F4 -> 459 | Q4: =IF(P4<=180,"Recent",IF(P4<=360,"Intermediate","Dormant")) -> Dormant | R4: =AVERAGE(G4,H4,I4) -> 52.666667 | S4: =IF(R4<=25,"Low",IF(R4<=50,"Medium","High")) -> High | T4: =SUM(K4,L4,M4,N4,O4,P4) -> 462
B5: C0066 | C5: 40 | D5: F | E5: 1467.85 | F5: 2025-03-02 | G5: 73 | H5: 100 | I5: 30 | J5: Excellent value for money. | K5: 1 | L5: 1 | M5: 1 | N5: 0 | O5: 1 | P5: =TODAY()-F5 -> 230 | Q5: =IF(P5<=180,"Recent",IF(P5<=360,"Intermediate","Dormant")) -> Intermediate | R5: =AVERAGE(G5,H5,I5) -> 67.666667 | S5: =IF(R5<=25,"Low",IF(R5<=50,"Medium","High")) -> High | T5: =SUM(K5,L5,M5,N5,O5,P5) -> 234
B6: C0049 | C6: 56 | D6: F | E6: 1437.37 | F6: 2025-04-26 | G6: 7 | H6: 89 | I6: 17 | J6: Product quality needs improvement. | K6: 0 | L6: 1 | M6: 1 | N6: 1 | O6: 0 | P6: =TODAY()-F6 -> 175 | Q6: =IF(P6<=180,"Recent",IF(P6<=360,"Intermediate","Dormant")) -> Recent | R6: =AVERAGE(G6,H6,I6) -> 37.666667 | S6: =IF(R6<=25,"Low",IF(R6<=50,"Medium","High")) -> Medium | T6: =SUM(K6,L6,M6,N6,O6,P6) -> 178
B7: C0100 | C7: 56 | D7: M | E7: 1408.34 | F7: 2024-09-19 | G7: 69 | H7: 7 | I7: 44 | J7: Very satisfied with the product. | K7: 0 | L7: 0 | M7: 1 | N7: 0 | O7: 0 | P7: =TODAY()-F7 -> 394 | Q7: =IF(P7<=180,"Recent",IF(P7<=360,"Intermediate","Dormant")) -> Dormant | R7: =AVERAGE(G7,H7,I7) -> 40 | S7: =IF(R7<=25,"Low",IF(R7<=50,"Medium","High")) -> Medium | T7: =SUM(K7,L7,M7,N7,O7,P7) -> 395
B8: C0098 | C8: 57 | D8: M | E8: 1375.18 | F8: 2024-07-09 | G8: 37 | H8: 68 | I8: 43 | J8: Excellent value for money. | K8: 0 | L8: 1 | M8: 0 | N8: 0 | O8: 1 | P8: =TODAY()-F8 -> 466 | Q8: =IF(P8<=180,"Recent",IF(P8<=360,"Intermediate","Dormant")) -> Dormant | R8: =AVERAGE(G8,H8,I8) -> 49.333333 | S8: =IF(R8<=25,"Low",IF(R8<=50,"Medium","High")) -> Medium | T8: =SUM(K8,L8,M8,N8,O8,P8) -> 468
B9: C0022 | C9: 25 | D9: M | E9: 1367.4 | F9: 2024-06-05 | G9: 62 | H9: 89 | I9: 48 | J9: Would have preferred more color options. | K9: 1 | L9: 0 | M9: 0 | N9: 0 | O9: 0 | P9: =TODAY()-F9 -> 500 | Q9: =IF(P9<=180,"Recent",IF(P9<=360,"Intermediate","Dormant")) -> Dormant | R9: =AVERAGE(G9,H9,I9) -> 66.333333 | S9: =IF(R9<=25,"Low",IF(R9<=50,"Medium","High")) -> High | T9: =SUM(K9,L9,M9,N9,O9,P9) -> 501
B10: C0021 | C10: 20 | D10: F | E10: 1358.22 | F10: 2025-01-24 | G10: 74 | H10: 45 | I10: 48 | J10: On-time delivery. | K10: 1 | L10: 1 | M10: 1 | N10: 0 | O10: 1 | P10: =TODAY()-F10 -> 267 | Q10: =IF(P10<=180,"Recent",IF(P10<=360,"Intermediate","Dormant")) -> Intermediate | R10: =AVERAGE(G10,H10,I10) -> 55.666667 | S10: =IF(R10<=25,"Low",IF(R10<=50,"Medium","High")) -> High | T10: =SUM(K10,L10,M10,N10,O10,P10) -> 271
B11: C0026 | C11: 43 | D11: F | E11: 1352.79 | F11: 2024-12-22 | G11: 48 | H11: 97 | I11: 30 | J11: Would have preferred more color options. | K11: 1 | L11: 1 | M11: 1 | N11: 0 | O11: 0 | P11: =TODAY()-F11 -> 300 | Q11: =IF(P11<=180,"Recent",IF(P11<=360,"Intermediate","Dormant")) -> Intermediate | R11: =AVERAGE(G11,H11,I11) -> 58.333333 | S11: =IF(R11<=25,"Low",IF(R11<=50,"Medium","High")) -> High | T11: =SUM(K11,L11,M11,N11,O11,P11) -> 303
B12: C0074 | C12: 45 | D12: F | E12: 1346.45 | F12: 2025-02-15 | G12: 55 | H12: 2 | I12: 31 | J12: Would have preferred more color options. | K12: 0 | L12: 0 | M12: 0 | N12: 0 | O12: 1 | P12: =TODAY()-F12 -> 245 | Q12: =IF(P12<=180,"Recent",IF(P12<=360,"Intermediate","Dormant")) -> Intermediate | R12: =AVERAGE(G12,H12,I12) -> 29.333333 | S12: =IF(R12<=25,"Low",IF(R12<=50,"Medium","High")) -> Medium | T12: =SUM(K12,L12,M12,N12,O12,P12) -> 246
B13: C0073 | C13: 70 | D13: F | E13: 1311.22 | F13: 2024-11-11 | G13: 22 | H13: 73 | I13: 1 | J13: Very satisfied with the product. | K13: 1 | L13: 0 | M13: 0 | N13: 1 | O13: 1 | P13: =TODAY()-F13 -> 341 | Q13: =IF(P13<=180,"Recent",IF(P13<=360,"Intermediate","Dormant")) -> Intermediate | R13: =AVERAGE(G13,H13,I13) -> 32 | S13: =IF(R13<=25,"Low",IF(R13<=50,"Medium","High")) -> Medium | T13: =SUM(K13,L13,M13,N13,O13,P13) -> 344
B14: C0065 | C14: 21 | D14: M | E14: 1306.12 | F14: 2024-11-14 | G14: 83 | H14: 67 | I14: 30 | J14: Innovative and practical design. | K14: 1 | L14: 0 | M14: 0 | N14: 1 | O14: 1 | P14: =TODAY()-F14 -> 338 | Q14: =IF(P14<=180,"Recent",IF(P14<=360,"Intermediate","Dormant")) -> Intermediate | R14: =AVERAGE(G14,H14,I14) -> 60 | S14: =IF(R14<=25,"Low",IF(R14<=50,"Medium","High")) -> High | T14: =SUM(K14,L14,M14,N14,O14,P14) -> 341
B15: C0016 | C15: 48 | D15: F | E15: 1289.61 | F15: 2024-09-25 | G15: 13 | H15: 46 | I15: 34 | J15: Elegant and functional packaging. | K15: 1 | L15: 0 | M15: 0 | N15: 1 | O15: 0 | P15: =TODAY()-F15 -> 388 | Q15: =IF(P15<=180,"Recent",IF(P15<=360,"Intermediate","Dormant")) -> Dormant | R15: =AVERAGE(G15,H15,I15) -> 31 | S15: =IF(R15<=25,"Low",IF(R15<=50,"Medium","High")) -> Medium | T15: =SUM(K15,L15,M15,N15,O15,P15) -> 390
... B103: C0099 | C103: 20 | D103: F | E103: 50.34 | F103: 2025-04-09 | G103: 33 | H103: 84 | I103: 26 | J103: Would have preferred more color options. | K103: 1 | L103: 0 | M103: 1 | N103: 0 | O103: 0 | P103: =TODAY()-F103 -> 192 | Q103: =IF(P103<=180,"Recent",IF(P103<=360,"Intermediate","Dormant")) -> Intermediate | R103: =AVERAGE(G103,H103,I103) -> 47.666667 | S103: =IF(R103<=25,"Low",IF(R103<=50,"Medium","High")) -> Medium | T103: =SUM(K103,L103,M103,N103,O103,P103) -> 194

Sheet 01_Descriptive_Analysis
B3: Customer Base – Descriptive Statistics | G3: KEY INSIGHTS
B4: Average Age | E4: =AVERAGE('00_Dataset'!C4:C103) -> 42.54 | G4: The dataset shows a wide dispersion in spending (CV ≈ 56%), indicating highly diverse customer behaviors.
B5: Average Total Spending (€) | E5: =AVERAGE('00_Dataset'!E4:E103) -> 725.1885
B6: Average Emails Opened | E6: =AVERAGE('00_Dataset'!G4:G103) -> 48.77 | G6: INTERPRETATION
B7: Average Links Clicked | E7: =AVERAGE('00_Dataset'!H4:H103) -> 47.71 | G7: SmartShoe’s customer base consists mainly of mid-aged adults with varying spending power, justifying the need for segmentation by recency and engagement.
B8: Average Other Interactions | E8: =AVERAGE('00_Dataset'!I4:I103) -> 26.84
B9: Median Total Spending (€) | E9: =MEDIAN(Dataset[Total Spending (€)]) -> 677.775
B10: Standard Deviation – Total Spending (€) | E10: =STDEV(Dataset[Total Spending (€)]) -> 404.708
B11: Coefficient of Variation – Total Spending (€) | E11: ='03_Recency_Analysis'!D4 -> 43.5
B17: Gender | C17: Client ID Sum | D17: Total Spending Avg. (€) | G17: KEY INSIGHTS
B18: F | C18: 48 | D18: 817.60542 | G18: Female outspend male customers by nearly 30%, despite representing a slightly smaller share of the customer base.
B19: M | C19: 52 | D19: 639.88058
B20: Total | C20: 100 | D20: 725.1885 | G20: INTERPRETATION
G21: The gender gap in spending suggests that women are more receptive to SmartShoe’s premium or design-oriented products. Future campaigns could tailor messaging or bundle offers around these preferences.

Sheet 02_EDA_Correlations
N8: Statistical Correlation Metrics | S8: KEY INSIGHTS
N9: Pearson Correlation Coefficient (r) | O9: =CORREL('00_Dataset'!E4:E103,'00_Dataset'!G4:G103) -> 0.004262915 | S9: No strong linear relationship was found between digital engagement (emails, clicks, or other interactions) and total spending. All Pearson correlation values are below 0.25 and R² values close to zero, indicating that online activity does not significantly explain customer spending behavior.
N10: Coefficient of Determination (R²) | O10: =POWER(O9,2) -> 1.8172444e-05
N37: Statistical Correlation Metrics
N38: Pearson Correlation Coefficient (r) | O38: =CORREL('00_Dataset'!E4:E103,'00_Dataset'!H4:H103) -> 0.21744174
N39: Coefficient of Determination (R²) | O39: =POWER(O38,2) -> 0.04728091
N66: Statistical Correlation Metrics
N67: Pearson Correlation Coefficient (r) | O67: =CORREL('00_Dataset'!E4:E103,'00_Dataset'!I4:I103) -> 0.21897684
N68: Coefficient of Determination (R²) | O68: =POWER(O67,2) -> 0.047950856

Sheet 03_Recency_Analysis
B3: Recency Category | C3: Total Spending Avg. (€) | D3: Engagement Index Avg.
B4: Dormant | C4: 738.81976 | D4: 43.5
B5: Intermediate | C5: 737.96182 | D5: 40.204545
B6: Recent | C6: 644.15 | D6: 36.761905
B7: Totale complessivo | C7: 725.1885 | D7: 41.106667
F30: KEY INSIGHTS
F31: Recent customers spend less on average, while dormant customers remain digitally active but no longer purchase.
F32: This highlights reactivation as a key opportunity.
F35: KEY INSIGHT | G35: INTERPRETATION
F36: Dormant customers show residual engagement | G36: They open emails and click links but rarely purchase — ideal for reactivation offers.
F37: Recent customers have lower spending | G37: Likely early-stage customers still building loyalty.
F38: Intermediate customers are the most balanced | G38: Solid spending and engagement levels; ideal targets for retention programs.

Sheet 04_Engagement_Analysis
B3: Engagement_level | C3: Total Spending Avg. (€) | D3: Engagement Index Avg.
B4: High | C4: 814.01571 | D4: 57.952381
B5: Low | C5: 471.79867 | D5: 20.244444
B6: Medium | C6: 748.23561 | D6: 38.321637
B7: Totale complessivo | C7: 725.1885 | D7: 41.106667
F30: KEY INSIGHTS
F31: Higher engagement levels correspond to higher average spending.
F32: High-engagement customers spend on average about 72% more than low-engagement ones.
F35: KEY INSIGHT | G35: INTERPRETATION
F36: Medium ≠ High | G36: Medium-engagement customers spend ~8–10% less than high; focus on nudges to move them up.
F37: Diminishing returns at the top | G37: Gain from Medium→High is modest vs. Low→Medium; prioritize lifting Low→Medium first.
F38: Targeting priority | G38: High: loyalty & early access; Medium: conversion to High; Low: awareness + first-purchase incentives.

Sheet 05_Product_Analysis
B3: Recency Category | C3: Laces Sum | D3: Lining Sum | E3: Sole Sum | F3: Insole Sum | G3: Upper Sum
B4: Dormant | C4: 10 | D4: 18 | E4: 18 | F4: 19 | G4: 17
B5: Intermediate | C5: 22 | D5: 22 | E5: 20 | F5: 22 | G5: 24
B6: Recent | C6: 6 | D6: 6 | E6: 10 | F6: 11 | G6: 6
B7: Totale complessivo | C7: 38 | D7: 46 | E7: 48 | F7: 52 | G7: 47
I25: MAIN FINDINGS
I26: Intermediate customers purchase the widest range of components, while Dormant and Recent groups show limited or single-item purchases.
I29: KEY INSIGHT | N29: INTERPRETATION
I30: Intermediate customers buy full kits (e.g. Upper + Sole + Lining) | N30: Strong brand familiarity; ideal for cross-sell and loyalty programs.
I31: Dormant customers show low but uniform purchases | N31: Possible base of repeat buyers who downgraded — reactivation offers with bundles could work.
I32: Recent customers buy single components only | N32: Entry-level buyers: focus on onboarding and first-purchase bundles.

Sheet 06_Feedback_Analysis
B3: Feedback & Reviews | C3: Total Spending Avg. (€) | D3: Engagement Index Avg.
B4: Elegant and functional packaging. | C4: 723.8525 | D4: 35.472222
B5: Excellent value for money. | C5: 807.80214 | D5: 44.904762
B6: Friendly customer service. | C6: 643.42182 | D6: 40.212121
B7: Innovative and practical design. | C7: 811.61 | D7: 38.481481
B8: Not satisfied – product arrived damaged. | C8: 666.5775 | D8: 39.208333
B9: On-time delivery. | C9: 651.60923 | D9: 42.487179
B10: Positive purchase experience. | C10: 526.21 | D10: 32.444444
B11: Product quality needs improvement. | C11: 748.1775 | D11: 55
B12: Very satisfied with the product. | C12: 915.45 | D12: 41.481481
B13: Would have preferred more color options. | C13: 760.91545 | D13: 46.939394
B14: Totale complessivo | C14: 725.1885 | D14: 41.106667
F41: MAIN FINDINGS
F42: Satisfaction moderately drives spending, but engagement peaks among critical customers, indicating involvement even when expectations aren’t fully met.
F46: KEY INSIGHT | L46: INTERPRETATION
F47: High spenders = satisfied or design-oriented customers | L47: Focus retention efforts on them with premium and early-access campaigns.
F48: Critical customers show highest engagement | L48: Treat them as loyal but demanding — involve them in beta testing or surveys.
F49: Low-spend but polite feedback (“on-time delivery”, “positive experience”) | L49: Likely transactional buyers; nurture them with loyalty points or referral offers.

Sheet 07_Marketing_Strategy
B3: Segment | C3: Suggested Action | D3: KPIs
B4: Dormant customers | C4: Reactivation campaign with bundle offers or discounts on complete kits | D4: Re-purchase rate, reactivation rate
B5: Intermediate customers | C5: Loyalty rewards and cross-sell suggestions (e.g. sole + lining) | D5: Repeat purchase rate, average order value (AOV)
B6: Recent customers | C6: Welcome series with first-purchase incentives and onboarding emails | D6: Conversion rate, first-purchase ROI
B7: High-engagement customers | C7: Exclusive access, premium collections, referral programs | D7: Retention rate, referral conversion
B8: Low-engagement customers | C8: Awareness campaigns via social and remarketing | D8: CTR (click-through rate), engagement uplift
B9: Critical feedback customers | C9: Personalised service follow-ups, survey participation | D9: Response rate, satisfaction score
B10: Female high-value customers | C10: Promote premium or design-focused products through tailored campaigns and storytelling | D10: Average order value (AOV), conversion rate
B13: Executive Summary
B14: This analysis identified clear behavioral patterns across customer segments: recency strongly affects spending, engagement drives loyalty, and product preferences highlight cross-sell opportunities. In addition, descriptive insights reveal high variability in spending and a gender-based difference favoring female customers, suggesting differentiated messaging and premium positioning opportunities. These findings translate into targeted marketing strategies aimed at increasing retention, reactivation, and overall ROI.
